{
    "users": {
        "12121212-1212": {
            "first_name": "omar",
            "last_name": "moussa",
            "personal_number": "12121212-1212",
            "password": "56318228b3a39a2af341c080cc2d8b1d7e088ed24bd28d6cc9b34a8711253434",
            "security_question1": "red",
            "balance": 620.75,
            "account_number": 7910706983,
            "card_details": [
                "4565946407048936",
                "06/27",
                "683"
            ],
            "transaction_history": [
                {
                    "type": "transfer_received",
                    "amount": 505.0,
                    "sender": 8131173074,
                    "date": "2024-12-13",
                    "new_balance": 100505.75
                },
                {
                    "type": "donation",
                    "amount": 10,
                    "sender": 2669573861,
                    "date": "2025-01-10",
                    "new_balance": 620.75
                }
            ],
            "favorites": "",
            "child_accounts": {
                "20200412-1234": {
                    "permissions": {
                        "login permission": true,
                        "withdraw permission": true,
                        "transactions permission": true,
                        "deposit permission": true
                    },
                    "child account number": 8131173074,
                    "balance": 99390.0,
                    "full name": "Steve Moussa",
                    "child personal number": "20200412-1234",
                    "child's password": "steve123",
                    "transaction_history": [
                        {
                            "type": "transfer_sent",
                            "amount": 505.0,
                            "recipient": 7910706983,
                            "date": "2024-12-13",
                            "new_balance": 99495.0
                        }
                    ]
                },
                "20200702-5678": {
                    "permissions": {
                        "login permission": true,
                        "withdraw permission": true,
                        "transactions permission": true,
                        "deposit permission": true
                    },
                    "child account number": 1234567890,
                    "balance": 100.0,
                    "full name": "Ana Moussa",
                    "child personal number": "20200412-1234",
                    "child's password": "ana123",
                    "transaction_history": [
                        {
                            "type": "transfer_sent",
                            "amount": 505.0,
                            "recipient": 7910706983,
                            "date": "2024-12-13",
                            "new_balance": 99495.0
                        }
                    ]
                }
            },
            "loans": []
        },
        "20060811-1234": {
            "first_name": "wesam",
            "last_name": "al-zoainat",
            "personal_number": "20060811-1234",
            "password": "c9bcd5b9ecc79329ce14b523caf99a0512bf05a9f9e00852bba9d081afa05fe5",
            "security_question1": "red",
            "balance": 200405.129,
            "account_number": 5295504600,
            "card_details": [
                "4565946407048936",
                "06/27",
                "683"
            ],
            "transaction_history": [
                {
                    "type": "transfer_received",
                    "amount": 25.0,
                    "sender": 3037097961,
                    "date": "2024-12-06",
                    "new_balance": 203425.129
                },
                {
                    "type": "test",
                    "amount": 101,
                    "sender": 3037097961,
                    "date": "2025-01-07",
                    "new_balance": 201515.129
                }
            ],
            "favorites": "",
            "loans": [
                {
                    "loan_name": "Mortgage Loan",
                    "amount": 11282720.9,
                    "interest_rate": 2.0,
                    "annual income": 24000000.0,
                    "description": "buying villa",
                    "approved": true,
                    "start_date": "2025-01-10"
                },
                {
                    "loan_name": "car",
                    "amount": 100.0,
                    "interest_rate": 12.0,
                    "description": "car loan",
                    "approved": true,
                    "start_date": "2025-01-10"
                }
            ],
            "savings_account": {
                "account_number": 4663462648,
                "balance": 100000.0,
                "interest": 0.01
            }
        },
        "20060908-3837": {
            "first_name": "shohil",
            "last_name": "balaji",
            "personal_number": "20060908-3837",
            "password": "e5bf85936830ed6a66ca492e568c3b2c80e7f465225356b4f42fadf6d870a40c",
            "security_question1": "red",
            "balance": 4339318.09,
            "account_number": 7635297904,
            "card_details": [
                "4565946407048936",
                "06/27",
                "683"
            ],
            "transaction_history": [
                {
                    "type": "transfer_sent",
                    "amount": 1.0,
                    "recipient": 3037097961,
                    "date": "2024-12-06",
                    "new_balance": 350999.09
                },
                {
                    "type": "deposit",
                    "amount": 2000000,
                    "date": "2024-12-06",
                    "new_balance": 2350999.09
                },
                {
                    "type": "transfer_sent",
                    "amount": 500.0,
                    "recipient": 3037097961,
                    "date": "2024-12-06",
                    "new_balance": 2350499.09
                }
            ],
            "favorites": "",
            "savings_account": {
                "account_number": 2216733727,
                "balance": 3000.0,
                "interest": 0.01
            },
            "loans": []
        },
        "20041230-1234": {
            "first_name": "tyra",
            "last_name": "brunius",
            "personal_number": "20041230-1234",
            "password": "478ea5e2009913b2e756b7dadc0ad0c723f17a04d0b29723b12d27bbfc80a521",
            "security_question1": "red",
            "balance": 181000.38,
            "account_number": 2932808828,
            "card_details": [
                "4565946407048936",
                "06/27",
                "683"
            ],
            "transaction_history": [],
            "favorites": "",
            "child_accounts": {
                "20180411-1234": {
                    "permissions": {
                        "login allowed": true,
                        "withdraw allowed": true,
                        "transactions allowed": true,
                        "deposit allowed": true
                    },
                    "child account number": 4842293597,
                    "balance": 0,
                    "full name": "findus",
                    "child personal number": "20180411-1234",
                    "child's password": "findus123"
                }
            }
        },
        "20060406-6845": {
            "first_name": "giovanna",
            "last_name": "cunha",
            "personal_number": "20060406-6845",
            "password": "7b29c111d1415fe31c734bef5856a5c18e47fa9eff05c0cf8b34a71febb45be9",
            "security_question1": "red",
            "balance": 100030.9,
            "account_number": 8755844468,
            "card_details": [
                "4565946407048936",
                "06/27",
                "683"
            ],
            "transaction_history": [],
            "favorites": ""
        },
        "01010101-0101": {
            "first_name": "amil",
            "last_name": "misra",
            "personal_number": "01010101-0101",
            "password": "af5a527665242f6057d4b558781d246399d857efae9b8b082a907aa05df300c2",
            "security_question1": "red",
            "balance": 5035.45,
            "account_number": 6358963657,
            "card_details": [
                "4565946407048936",
                "06/27",
                "683"
            ],
            "transaction_history": [
                {
                    "type": "transfer_received",
                    "amount": 25.0,
                    "sender": 3037097961,
                    "date": "2024-12-06",
                    "new_balance": 5025.45
                },
                {
                    "type": "test2",
                    "amount": 10,
                    "sender": 3037097961,
                    "date": "2025-01-07",
                    "new_balance": 5035.45
                }
            ],
            "favorites": "",
            "loans": [
                {
                    "loan_name": "Car Loan",
                    "amount": 100.0,
                    "description": "A new Car",
                    "approved": true,
                    "start_date": "2024-12-13"
                }
            ]
        },
        "20040723-8351": {
            "first_name": "miguel",
            "last_name": "rotunno",
            "personal_number": "20040723-8351",
            "password": "c0f9dd70bc1e756102407db97d747451a7e19b3a836c5b24c733fa47d6e3c24e",
            "security_question1": "red",
            "balance": 14540.5,
            "account_number": 3037097961,
            "card_details": [
                "4565946407048936",
                "06/27",
                "683"
            ],
            "transaction_history": [
                {
                    "type": "transfer_sent",
                    "amount": 19.0,
                    "recipient": 7635297904,
                    "date": "2024-12-06",
                    "new_balance": 14362.5
                },
                {
                    "type": "deposit",
                    "amount": 34,
                    "date": "2024-12-06",
                    "new_balance": 14396.5
                },
                {
                    "type": "transfer_sent",
                    "amount": 25.0,
                    "recipient": 5295504600,
                    "date": "2024-12-06",
                    "new_balance": 14347.5
                },
                {
                    "type": "deposit",
                    "amount": 50,
                    "date": "2024-12-06",
                    "new_balance": 14397.5
                }
            ],
            "favorites": "",
            "savings_account": {
                "account number": 3838908484,
                "balance": 120.0,
                "interest": 0.01
            },
            "child_accounts": {
                "20050723-8351": {
                    "permissions": {
                        "login allowed": true,
                        "withdraw allowed": true,
                        "transactions allowed": true,
                        "deposit allowed": true
                    },
                    "child account number": 5330412867,
                    "balance": 0,
                    "full name": "mike",
                    "child personal number": "20050723-8351",
                    "child's password": "mike123"
                }
            }
        },
        "12345678-1234": {
            "first_name": "team",
            "last_name": "9",
            "personal_number": "12345678-1234",
            "password": "92050f605d973135e2ece407e1fc70f01300880e406afa1e85ea2b337e958086",
            "security_question1": "red",
            "balance": 100.0,
            "account_number": 2669573861,
            "card_details": [
                "30039349581373",
                "09/30",
                "423"
            ],
            "transaction_history": [
                {
                    "type": "donation",
                    "amount": 10,
                    "recipient": 7910706983,
                    "date": "2025-01-10",
                    "new_balance": 90
                }
            ],
            "favorites": "",
            "child_accounts": {
                "12121212-1212": {
                    "permissions": {
                        "login permission": true,
                        "withdraw permission": true,
                        "transactions permission": true,
                        "deposit permission": true
                    },
                    "child account number": 9087180415,
                    "balance": 5,
                    "full name": "childteam9",
                    "child personal number": "12121212-1212",
                    "child's password": "92050f605d973135e2ece407e1fc70f01300880e406afa1e85ea2b337e958086",
                    "transaction_history": []
                }
            },
            "savings_account": {
                "account_number": 4313342140,
                "balance": 10.0,
                "interest": 0.01
            },
            "loans": [
                {
                    "loan_name": "loantest",
                    "amount": 25.0,
                    "interest_rate": 12.0,
                    "description": "test",
                    "approved": true,
                    "start_date": "2025-01-10"
                },
                {
                    "loan_name": "Mortgage Loan",
                    "amount": 100.0,
                    "interest_rate": 5.0,
                    "annual income": 2400.0,
                    "description": "mortgagetest",
                    "approved": false,
                    "Start_Date": "2025-01-10"
                }
            ]
        }
    },
    "admins": {
        "20040723-8351": {
            "first_name": "miguel",
            "last_name": "rotunno",
            "password": "c0f9dd70bc1e756102407db97d747451a7e19b3a836c5b24c733fa47d6e3c24e"
        },
        "01234567-8901": {
            "first_name": "amil",
            "last_name": "misra",
            "password": "af5a527665242f6057d4b558781d246399d857efae9b8b082a907aa05df300c2"
        },
        "12121212-1212": {
            "first_name": "omar",
            "last_name": "moussa",
            "password": "56318228b3a39a2af341c080cc2d8b1d7e088ed24bd28d6cc9b34a8711253434"
        },
        "20060406-6845": {
            "first_name": "giovanna",
            "last_name": "cunha",
            "password": "7b29c111d1415fe31c734bef5856a5c18e47fa9eff05c0cf8b34a71febb45be9"
        },
        "20041230-1234": {
            "first_name": "tyra",
            "last_name": "brunius",
            "password": "478ea5e2009913b2e756b7dadc0ad0c723f17a04d0b29723b12d27bbfc80a521"
        },
        "20060908-3837": {
            "first_name": "shohil",
            "last_name": "balaji",
            "password": "e5bf85936830ed6a66ca492e568c3b2c80e7f465225356b4f42fadf6d870a40c"
        },
        "20060811-1234": {
            "first_name": "wesam",
            "last_name": "al-zoainat",
            "password": "c9bcd5b9ecc79329ce14b523caf99a0512bf05a9f9e00852bba9d081afa05fe5"
        }
    }
}